chr	start	end	CT_Count	Ratio
chr17	78440632	78449904	551	0.15312464685275173
chr17	78449507	78452783	780	0.21641014097189004
chr17	78449904	78451404	389	0.154079514609612
