chr	start	end	Read_count	CT_count	MethRatio	CAMDA
chr17	78440632	78449904	4831	551	0.483783478359137	0.249344596562773
chr17	78449507	78452783	3196	780	0.0354821463744056	0.315093205051112
chr17	78449904	78451404	1621	389	0.018681143222098	0.238999536822603
