chr	start	end	CT_Count	Ratio
chr17	78440632	78449904	551	0.4837834783591366
chr17	78449507	78452783	780	0.03548214637440558
chr17	78449904	78451404	389	0.018681143222098035
